{
  "C": 2.0,
  "class_weight": {
    "Backdoor_Malware": 53.37276669104587,
    "BenignTraffic": 0.6009382919521996,
    "BrowserHijacking": 29.30881994348581,
    "CommandInjection": 31.738967675794903,
    "DDoS-ACK_Fragmentation": 0.6022631848408116,
    "DDoS-HTTP_Flood": 5.964147798751317,
    "DDoS-ICMP_Flood": 0.6009563194699951,
    "DDoS-ICMP_Fragmentation": 0.6009292785988886,
    "DDoS-PSHACK_Flood": 0.6009653336345038,
    "DDoS-RSTFINFlood": 0.6009533148085842,
    "DDoS-SYN_Flood": 0.6009262742078688,
    "DDoS-SlowLoris": 7.329885997575027,
    "DDoS-SynonymousIP_Flood": 0.6009443010046213,
    "DDoS-TCP_Flood": 0.6009623288829544,
    "DDoS-UDP_Flood": 0.6009563194699951,
    "DDoS-UDP_Fragmentation": 0.6007610789527534,
    "DNS_Spoofing": 0.9597440899114104,
    "DictionaryBruteForce": 13.143299134853503,
    "DoS-HTTP_Flood": 2.3893344714886253,
    "DoS-SYN_Flood": 0.6009202655159525,
    "DoS-TCP_Flood": 0.600917261215055,
    "DoS-UDP_Flood": 0.6009292785988886,
    "MITM-ArpSpoofing": 0.6009563194699951,
    "Mirai-greeth_flood": 0.6009262742078688,
    "Mirai-greip_flood": 0.6009232698468903,
    "Mirai-udpplain": 0.6009593241614516,
    "Recon-HostDiscovery": 1.2778052239776672,
    "Recon-OSScan": 1.7475097859617523,
    "Recon-PingSweep": 75.8809789067142,
    "Recon-PortScan": 2.0868718415903067,
    "SqlInjection": 32.74188792923871,
    "Uploading_Attack": 137.20944131077087,
    "VulnerabilityScan": 4.5932234251083495,
    "XSS": 44.64913469102351
  },
  "dual": false,
  "fit_intercept": true,
  "intercept_scaling": 1,
  "l1_ratio": 0.0,
  "max_iter": 1000,
  "n_jobs": null,
  "penalty": "deprecated",
  "random_state": 42,
  "solver": "lbfgs",
  "tol": 0.0001,
  "verbose": 0,
  "warm_start": false
}